"store_id","month","monthly_sales"
1,"2010-02-01","6307344.10"
1,"2010-03-01","5871293.98"
1,"2010-04-01","7422801.92"
1,"2010-05-01","5929938.64"
1,"2010-06-01","6084081.46"
1,"2010-07-01","7244483.04"
1,"2010-08-01","6075952.95"
1,"2010-09-01","5829793.92"
1,"2010-10-01","7150641.75"
1,"2010-11-01","6485547.06"
1,"2010-12-01","8876953.18"
1,"2011-01-01","5480050.97"
1,"2011-02-01","6399887.57"
1,"2011-03-01","6307375.48"
1,"2011-04-01","7689123.60"
1,"2011-05-01","6128431.80"
1,"2011-06-01","6194971.74"
1,"2011-07-01","7227654.31"
1,"2011-08-01","6144985.73"
1,"2011-09-01","7379542.34"
1,"2011-10-01","6072327.75"
1,"2011-11-01","6864972.83"
1,"2011-12-01","9032594.71"
1,"2012-01-01","5723690.52"
1,"2012-02-01","6798074.91"
1,"2012-03-01","8201997.40"
1,"2012-04-01","6511214.82"
1,"2012-05-01","6446962.46"
1,"2012-06-01","8020582.84"
1,"2012-07-01","6233946.67"
1,"2012-08-01","7897619.59"
1,"2012-09-01","6122381.52"
1,"2012-10-01","6245587.29"
2,"2010-02-01","8264347.77"
2,"2010-03-01","7677765.60"
2,"2010-04-01","9520276.09"
2,"2010-05-01","7777385.06"
2,"2010-06-01","8069642.74"
2,"2010-07-01","9316686.92"
2,"2010-08-01","7715686.75"
2,"2010-09-01","7262197.74"
2,"2010-10-01","9012420.11"
2,"2010-11-01","8471338.61"
2,"2010-12-01","12190116.80"
2,"2011-01-01","6949000.95"
2,"2011-02-01","8011783.74"
2,"2011-03-01","7529434.80"
2,"2011-04-01","9136076.69"
2,"2011-05-01","7162271.09"
2,"2011-06-01","7607607.16"
2,"2011-07-01","8929101.75"
2,"2011-08-01","7354707.02"
2,"2011-09-01","8568254.09"
2,"2011-10-01","7185412.12"
2,"2011-11-01","8397397.85"
2,"2011-12-01","11776834.16"
2,"2012-01-01","6916920.87"
2,"2012-02-01","8097113.78"
2,"2012-03-01","9514186.05"
2,"2012-04-01","7676382.55"
2,"2012-05-01","7755209.84"
2,"2012-06-01","9652012.49"
2,"2012-07-01","7449172.87"
2,"2012-08-01","9564712.06"
2,"2012-09-01","7289469.93"
2,"2012-10-01","7581514.93"
3,"2010-02-01","1711198.23"
3,"2010-03-01","1534680.59"
3,"2010-04-01","1895382.98"
3,"2010-05-01","1477534.20"
3,"2010-06-01","1473409.22"
3,"2010-07-01","1783914.22"
3,"2010-08-01","1456095.44"
3,"2010-09-01","1437426.45"
3,"2010-10-01","1796963.56"
3,"2010-11-01","1747923.75"
3,"2010-12-01","2430890.36"
3,"2011-01-01","1475045.38"
3,"2011-02-01","1699036.03"
3,"2011-03-01","1614630.99"
3,"2011-04-01","1884147.52"
3,"2011-05-01","1533308.53"
3,"2011-06-01","1575090.64"
3,"2011-07-01","1843561.95"
3,"2011-08-01","1536442.56"
3,"2011-09-01","1862692.56"
3,"2011-10-01","1556141.95"
3,"2011-11-01","1822971.63"
3,"2011-12-01","2413806.83"
3,"2012-01-01","1480953.54"
3,"2012-02-01","1792769.68"
3,"2012-03-01","2148086.50"
3,"2012-04-01","1753460.11"
3,"2012-05-01","1703712.98"
3,"2012-06-01","2163143.40"
3,"2012-07-01","1649972.35"
3,"2012-08-01","2028009.12"
3,"2012-09-01","1620024.00"
3,"2012-10-01","1684307.82"
4,"2010-02-01","8299040.36"
4,"2010-03-01","7525350.19"
4,"2010-04-01","9269170.71"
4,"2010-05-01","7637509.72"
4,"2010-06-01","7550298.11"
4,"2010-07-01","9237037.48"
4,"2010-08-01","7760274.34"
4,"2010-09-01","7512322.68"
4,"2010-10-01","9522604.02"
4,"2010-11-01","8900188.90"
4,"2010-12-01","12466674.30"
4,"2011-01-01","7428613.52"
4,"2011-02-01","8701523.58"
4,"2011-03-01","8203913.86"
4,"2011-04-01","10034555.89"
4,"2011-05-01","8068206.56"
4,"2011-06-01","8288884.07"
4,"2011-07-01","10193027.80"
4,"2011-08-01","8487108.44"
4,"2011-09-01","10208029.69"
4,"2011-10-01","8600688.22"
4,"2011-11-01","9732895.19"
4,"2011-12-01","13144846.51"
4,"2012-01-01","7923260.95"
4,"2012-02-01","9202336.89"
4,"2012-03-01","10804712.46"
4,"2012-04-01","8783910.07"
4,"2012-05-01","8685981.98"
4,"2012-06-01","10984471.62"
4,"2012-07-01","8548929.23"
4,"2012-08-01","10857845.15"
4,"2012-09-01","8390018.08"
4,"2012-10-01","8589722.81"
5,"2010-02-01","1202728.00"
5,"2010-03-01","1141138.68"
5,"2010-04-01","1553822.75"
5,"2010-05-01","1241824.97"
5,"2010-06-01","1243520.70"
5,"2010-07-01","1422175.50"
5,"2010-08-01","1165245.50"
5,"2010-09-01","1206021.31"
5,"2010-10-01","1417374.25"
5,"2010-11-01","1412885.08"
5,"2010-12-01","1829294.03"
5,"2011-01-01","1101385.70"
5,"2011-02-01","1292485.85"
5,"2011-03-01","1229041.93"
5,"2011-04-01","1565270.75"
5,"2011-05-01","1210598.71"
5,"2011-06-01","1241861.52"
5,"2011-07-01","1488829.34"
5,"2011-08-01","1221606.73"
5,"2011-09-01","1498625.82"
5,"2011-10-01","1208333.48"
5,"2011-11-01","1481403.37"
5,"2011-12-01","1931376.80"
5,"2012-01-01","1187031.43"
5,"2012-02-01","1351836.33"
5,"2012-03-01","1698513.07"
5,"2012-04-01","1409720.53"
5,"2012-05-01","1372987.35"
5,"2012-06-01","1683655.81"
5,"2012-07-01","1285450.55"
5,"2012-08-01","1610442.42"
5,"2012-09-01","1267898.02"
5,"2012-10-01","1301302.62"
6,"2010-02-01","6259010.24"
6,"2010-03-01","6325062.47"
6,"2010-04-01","7995878.23"
6,"2010-05-01","6320388.54"
6,"2010-06-01","6860962.56"
6,"2010-07-01","8127765.74"
6,"2010-08-01","6171593.19"
6,"2010-09-01","5519280.35"
6,"2010-10-01","6751407.94"
6,"2010-11-01","6787272.46"
6,"2010-12-01","9793698.97"
6,"2011-01-01","5204924.11"
6,"2011-02-01","5996637.31"
6,"2011-03-01","6120956.66"
6,"2011-04-01","7561276.62"
6,"2011-05-01","5864600.16"
6,"2011-06-01","6469666.17"
6,"2011-07-01","7941223.14"
6,"2011-08-01","6000529.40"
6,"2011-09-01","6960197.58"
6,"2011-10-01","5705627.68"
6,"2011-11-01","6833798.54"
6,"2011-12-01","9869325.58"
6,"2012-01-01","5381449.24"
6,"2012-02-01","6214713.50"
6,"2012-03-01","7871777.22"
6,"2012-04-01","6368819.98"
6,"2012-05-01","6177965.85"
6,"2012-06-01","8287124.09"
6,"2012-07-01","6552092.78"
6,"2012-08-01","7837240.48"
6,"2012-09-01","5777978.98"
6,"2012-10-01","5845884.88"
7,"2010-02-01","2023674.14"
7,"2010-03-01","2061053.48"
7,"2010-04-01","2230043.44"
7,"2010-05-01","1606057.64"
7,"2010-06-01","2042623.05"
7,"2010-07-01","2899977.83"
7,"2010-08-01","2378701.98"
7,"2010-09-01","2045951.73"
7,"2010-10-01","2330553.05"
7,"2010-11-01","2305814.35"
7,"2010-12-01","3643627.46"
7,"2011-01-01","2243460.47"
7,"2011-02-01","2237009.21"
7,"2011-03-01","2304418.49"
7,"2011-04-01","2314366.59"
7,"2011-05-01","1702994.37"
7,"2011-06-01","2414430.64"
7,"2011-07-01","3450312.94"
7,"2011-08-01","2641213.98"
7,"2011-09-01","2789496.99"
7,"2011-10-01","2113856.50"
7,"2011-11-01","2609454.03"
7,"2011-12-01","3841626.31"
7,"2012-01-01","2426033.95"
7,"2012-02-01","2367863.41"
7,"2012-03-01","2998749.85"
7,"2012-04-01","2064014.02"
7,"2012-05-01","1926764.37"
7,"2012-06-01","3300080.88"
7,"2012-07-01","2872504.59"
7,"2012-08-01","3194898.04"
7,"2012-09-01","2195384.76"
7,"2012-10-01","2021262.60"
8,"2010-02-01","3810490.97"
8,"2010-03-01","3354290.23"
8,"2010-04-01","4342564.85"
8,"2010-05-01","3476533.57"
8,"2010-06-01","3557902.94"
8,"2010-07-01","4119065.06"
8,"2010-08-01","3520812.20"
8,"2010-09-01","3340894.60"
8,"2010-10-01","4168178.21"
8,"2010-11-01","3986106.52"
8,"2010-12-01","5527635.69"
8,"2011-01-01","3287636.78"
8,"2011-02-01","3923167.96"
8,"2011-03-01","3561911.22"
8,"2011-04-01","4529354.77"
8,"2011-05-01","3531210.05"
8,"2011-06-01","3613461.22"
8,"2011-07-01","4232558.45"
8,"2011-08-01","3556799.19"
8,"2011-09-01","4226210.71"
8,"2011-10-01","3575861.61"
8,"2011-11-01","3997099.58"
8,"2011-12-01","5477514.62"
8,"2012-01-01","3281908.34"
8,"2012-02-01","3973781.54"
8,"2012-03-01","4613717.40"
8,"2012-04-01","3708542.75"
8,"2012-05-01","3666440.43"
8,"2012-06-01","4544647.77"
8,"2012-07-01","3553755.10"
8,"2012-08-01","4636946.99"
8,"2012-09-01","3558250.61"
8,"2012-10-01","3695929.20"
9,"2010-02-01","2087284.20"
9,"2010-03-01","1972134.85"
9,"2010-04-01","2540761.94"
9,"2010-05-01","2083339.88"
9,"2010-06-01","2131114.29"
9,"2010-07-01","2419603.89"
9,"2010-08-01","2010828.47"
9,"2010-09-01","1912238.07"
9,"2010-10-01","2430655.45"
9,"2010-11-01","2326610.48"
9,"2010-12-01","3214648.24"
9,"2011-01-01","1866651.64"
9,"2011-02-01","2223984.06"
9,"2011-03-01","2072514.19"
9,"2011-04-01","2692736.65"
9,"2011-05-01","2156478.04"
9,"2011-06-01","2234497.68"
9,"2011-07-01","2548781.12"
9,"2011-08-01","2158647.43"
9,"2011-09-01","2589013.04"
9,"2011-10-01","2188955.34"
9,"2011-11-01","2549596.96"
9,"2011-12-01","3404113.50"
9,"2012-01-01","1957131.52"
9,"2012-02-01","2382247.85"
9,"2012-03-01","2870604.49"
9,"2012-04-01","2349659.87"
9,"2012-05-01","2297551.31"
9,"2012-06-01","2837723.93"
9,"2012-07-01","2125270.57"
9,"2012-08-01","2757521.41"
9,"2012-09-01","2139357.58"
9,"2012-10-01","2256961.05"
10,"2010-02-01","8489284.81"
10,"2010-03-01","7768843.74"
10,"2010-04-01","9626179.20"
10,"2010-05-01","7481720.32"
10,"2010-06-01","7364736.54"
10,"2010-07-01","9108079.77"
10,"2010-08-01","7622988.77"
10,"2010-09-01","6858654.21"
10,"2010-10-01","8603478.26"
10,"2010-11-01","8617237.06"
10,"2010-12-01","12930999.53"
10,"2011-01-01","6818438.72"
10,"2011-02-01","8158385.48"
10,"2011-03-01","7592005.50"
10,"2011-04-01","9358698.61"
10,"2011-05-01","7018273.82"
10,"2011-06-01","7062021.88"
10,"2011-07-01","8746330.47"
10,"2011-08-01","7486946.36"
10,"2011-09-01","8393679.31"
10,"2011-10-01","7010702.15"
10,"2011-11-01","8800295.92"
10,"2011-12-01","12471116.52"
10,"2012-01-01","6702933.45"
10,"2012-02-01","8294124.31"
10,"2012-03-01","9491886.89"
10,"2012-04-01","7628225.77"
10,"2012-05-01","7239801.55"
10,"2012-06-01","8882341.85"
10,"2012-07-01","7259142.39"
10,"2012-08-01","9062944.12"
10,"2012-09-01","6715172.25"
10,"2012-10-01","6952044.36"
11,"2010-02-01","5942396.07"
11,"2010-03-01","5368337.08"
11,"2010-04-01","6763295.37"
11,"2010-05-01","5115045.05"
11,"2010-06-01","5334441.04"
11,"2010-07-01","6367935.07"
11,"2010-08-01","5495429.46"
11,"2010-09-01","4921122.29"
11,"2010-10-01","6015834.31"
11,"2010-11-01","5664023.81"
11,"2010-12-01","8267278.68"
11,"2011-01-01","4661550.10"
11,"2011-02-01","5720529.46"
11,"2011-03-01","5335605.23"
11,"2011-04-01","6644689.40"
11,"2011-05-01","5065756.32"
11,"2011-06-01","5250358.33"
11,"2011-07-01","6402161.86"
11,"2011-08-01","5546263.86"
11,"2011-09-01","6244339.35"
11,"2011-10-01","5268451.65"
11,"2011-11-01","5988386.18"
11,"2011-12-01","8395491.15"
11,"2012-01-01","4918601.28"
11,"2012-02-01","5900100.91"
11,"2012-03-01","6894348.12"
11,"2012-04-01","5620672.30"
11,"2012-05-01","5320176.47"
11,"2012-06-01","6846523.18"
11,"2012-07-01","5398248.28"
11,"2012-08-01","6992010.00"
11,"2012-09-01","5125823.16"
11,"2012-10-01","5167561.98"
12,"2010-02-01","4361948.52"
12,"2010-03-01","4016316.65"
12,"2010-04-01","4959112.35"
12,"2010-05-01","3923120.96"
12,"2010-06-01","3979615.96"
12,"2010-07-01","4637818.27"
12,"2010-08-01","3848805.15"
12,"2010-09-01","3683679.53"
12,"2010-10-01","4444869.94"
12,"2010-11-01","4368037.06"
12,"2010-12-01","6147059.47"
12,"2011-01-01","3397346.60"
12,"2011-02-01","4307178.56"
12,"2011-03-01","4046530.16"
12,"2011-04-01","5005762.88"
12,"2011-05-01","3886655.48"
12,"2011-06-01","3951054.31"
12,"2011-07-01","4654491.69"
12,"2011-08-01","3929036.91"
12,"2011-09-01","4602286.44"
12,"2011-10-01","3808375.63"
12,"2011-11-01","4709598.08"
12,"2011-12-01","6283683.83"
12,"2012-01-01","3555417.84"
12,"2012-02-01","4610182.37"
12,"2012-03-01","5420146.14"
12,"2012-04-01","4223316.24"
12,"2012-05-01","4127429.17"
12,"2012-06-01","5011643.17"
12,"2012-07-01","3833729.79"
12,"2012-08-01","5058405.13"
12,"2012-09-01","3644189.45"
12,"2012-10-01","3850386.42"
13,"2010-02-01","7786278.95"
13,"2010-03-01","7542558.24"
13,"2010-04-01","9555618.05"
13,"2010-05-01","7626768.36"
13,"2010-06-01","8034361.74"
13,"2010-07-01","9546628.09"
13,"2010-08-01","7752389.90"
13,"2010-09-01","7179931.35"
13,"2010-10-01","9173784.27"
13,"2010-11-01","8486726.25"
13,"2010-12-01","12587690.25"
13,"2011-01-01","6830701.19"
13,"2011-02-01","7628040.02"
13,"2011-03-01","7407382.47"
13,"2011-04-01","9722597.18"
13,"2011-05-01","7672497.44"
13,"2011-06-01","8029007.42"
13,"2011-07-01","9894423.48"
13,"2011-08-01","8172158.70"
13,"2011-09-01","9432867.60"
13,"2011-10-01","7919169.71"
13,"2011-11-01","9028403.75"
13,"2011-12-01","12800264.37"
13,"2012-01-01","7206304.72"
13,"2012-02-01","8141310.40"
13,"2012-03-01","9835175.47"
13,"2012-04-01","8255063.39"
13,"2012-05-01","8252008.64"
13,"2012-06-01","10502135.11"
13,"2012-07-01","8155251.19"
13,"2012-08-01","10314251.00"
13,"2012-09-01","7951757.11"
13,"2012-10-01","8094197.99"
14,"2010-02-01","8627837.12"
14,"2010-03-01","8510195.38"
14,"2010-04-01","11096700.43"
14,"2010-05-01","8835226.91"
14,"2010-06-01","9107997.01"
14,"2010-07-01","10800283.49"
14,"2010-08-01","8350268.69"
14,"2010-09-01","8207762.40"
14,"2010-10-01","9800918.92"
14,"2010-11-01","9060778.82"
14,"2010-12-01","13064273.21"
14,"2011-01-01","6920749.25"
14,"2011-02-01","7871037.45"
14,"2011-03-01","7784262.93"
14,"2011-04-01","10068949.32"
14,"2011-05-01","8140592.27"
14,"2011-06-01","8363952.33"
14,"2011-07-01","9844705.90"
14,"2011-08-01","8165139.12"
14,"2011-09-01","9499817.19"
14,"2011-10-01","8035518.22"
14,"2011-11-01","8910303.89"
14,"2011-12-01","12491242.83"
14,"2012-01-01","6939868.82"
14,"2012-02-01","7850257.75"
14,"2012-03-01","9686365.52"
14,"2012-04-01","7948648.34"
14,"2012-05-01","7899988.12"
14,"2012-06-01","9306898.95"
14,"2012-07-01","6439316.12"
14,"2012-08-01","8201073.31"
14,"2012-09-01","6547171.22"
14,"2012-10-01","6621810.11"
15,"2010-02-01","2560291.49"
15,"2010-03-01","2395321.18"
15,"2010-04-01","3208173.84"
15,"2010-05-01","2617105.06"
15,"2010-06-01","2637053.35"
15,"2010-07-01","3251815.91"
15,"2010-08-01","2548969.91"
15,"2010-09-01","2412365.75"
15,"2010-10-01","2934258.23"
15,"2010-11-01","2960847.11"
15,"2010-12-01","4497326.48"
15,"2011-01-01","1957495.60"
15,"2011-02-01","2336972.79"
15,"2011-03-01","2189353.04"
15,"2011-04-01","2953700.89"
15,"2011-05-01","2491140.72"
15,"2011-06-01","2634599.80"
15,"2011-07-01","3118888.66"
15,"2011-08-01","2403699.73"
15,"2011-09-01","2868673.70"
15,"2011-10-01","2309531.40"
15,"2011-11-01","2898406.21"
15,"2011-12-01","4120162.36"
15,"2012-01-01","1929038.55"
15,"2012-02-01","2311689.75"
15,"2012-03-01","2780053.67"
15,"2012-04-01","2280718.68"
15,"2012-05-01","2451239.73"
15,"2012-06-01","3223284.66"
15,"2012-07-01","2432920.30"
15,"2012-08-01","2977327.54"
15,"2012-09-01","2201833.19"
15,"2012-10-01","2239424.64"
16,"2010-02-01","1862564.45"
16,"2010-03-01","1877060.14"
16,"2010-04-01","2104681.96"
16,"2010-05-01","1719718.63"
16,"2010-06-01","2138587.93"
16,"2010-07-01","2962456.29"
16,"2010-08-01","2233221.90"
16,"2010-09-01","2112986.30"
16,"2010-10-01","2395280.45"
16,"2010-11-01","2011010.23"
16,"2010-12-01","3311064.31"
16,"2011-01-01","1955191.67"
16,"2011-02-01","1912451.47"
16,"2011-03-01","1904986.59"
16,"2011-04-01","2073588.16"
16,"2011-05-01","1714328.04"
16,"2011-06-01","2282683.63"
16,"2011-07-01","2994354.16"
16,"2011-08-01","2268808.23"
16,"2011-09-01","2649441.26"
16,"2011-10-01","2047190.36"
16,"2011-11-01","2217017.30"
16,"2011-12-01","3401326.62"
16,"2012-01-01","2001427.10"
16,"2012-02-01","1939461.86"
16,"2012-03-01","2459590.76"
16,"2012-04-01","1788085.19"
16,"2012-05-01","1918366.18"
16,"2012-06-01","2857884.61"
16,"2012-07-01","2315404.00"
16,"2012-08-01","2762923.61"
16,"2012-09-01","2043214.03"
16,"2012-10-01","2016067.98"
17,"2010-02-01","3181251.48"
17,"2010-03-01","3092394.03"
17,"2010-04-01","4162077.51"
17,"2010-05-01","3357048.86"
17,"2010-06-01","3494146.79"
17,"2010-07-01","4399404.76"
17,"2010-08-01","3141809.94"
17,"2010-09-01","3759402.55"
17,"2010-10-01","4172277.66"
17,"2010-11-01","3461595.78"
17,"2010-12-01","4883511.08"
17,"2011-01-01","3333721.56"
17,"2011-02-01","3258033.95"
17,"2011-03-01","3155445.26"
17,"2011-04-01","4300747.64"
17,"2011-05-01","3489257.76"
17,"2011-06-01","3591617.59"
17,"2011-07-01","4519285.43"
17,"2011-08-01","3301918.54"
17,"2011-09-01","4824123.56"
17,"2011-10-01","3615938.18"
17,"2011-11-01","3945841.42"
17,"2011-12-01","5055908.87"
17,"2012-01-01","3650476.16"
17,"2012-02-01","3515967.63"
17,"2012-03-01","4293771.22"
17,"2012-04-01","3909874.57"
17,"2012-05-01","3827919.36"
17,"2012-06-01","4854607.00"
17,"2012-07-01","3859720.50"
17,"2012-08-01","4362039.52"
17,"2012-09-01","4237693.03"
17,"2012-10-01","3773309.64"
18,"2010-02-01","4612009.07"
18,"2010-03-01","4498750.38"
18,"2010-04-01","5757012.72"
18,"2010-05-01","4672776.11"
18,"2010-06-01","4849042.67"
18,"2010-07-01","5656300.22"
18,"2010-08-01","4607004.06"
18,"2010-09-01","4147422.02"
18,"2010-10-01","5176725.28"
18,"2010-11-01","4870334.79"
18,"2010-12-01","7131039.98"
18,"2011-01-01","3451824.98"
18,"2011-02-01","4278936.70"
18,"2011-03-01","3956437.76"
18,"2011-04-01","5024756.64"
18,"2011-05-01","4118424.92"
18,"2011-06-01","4324456.24"
18,"2011-07-01","5056181.11"
18,"2011-08-01","4011863.47"
18,"2011-09-01","4038609.17"
18,"2011-10-01","4128130.30"
18,"2011-11-01","4861719.86"
18,"2011-12-01","6966398.96"
18,"2012-01-01","3630523.31"
18,"2012-02-01","4365234.47"
18,"2012-03-01","5194352.31"
18,"2012-04-01","4186258.83"
18,"2012-05-01","4246352.16"
18,"2012-06-01","5463583.66"
18,"2012-07-01","4141082.05"
18,"2012-08-01","5330443.03"
18,"2012-09-01","4018240.19"
18,"2012-10-01","4342506.79"
19,"2010-02-01","5933433.29"
19,"2010-03-01","5723697.57"
19,"2010-04-01","7454797.16"
19,"2010-05-01","6030138.01"
19,"2010-06-01","5837419.14"
19,"2010-07-01","7277156.61"
19,"2010-08-01","5887359.32"
19,"2010-09-01","5920105.92"
19,"2010-10-01","6939465.84"
19,"2010-11-01","6296576.04"
19,"2010-12-01","9280379.74"
19,"2011-01-01","4902533.85"
19,"2011-02-01","5555341.85"
19,"2011-03-01","5309557.18"
19,"2011-04-01","6929481.69"
19,"2011-05-01","5624884.42"
19,"2011-06-01","5784578.70"
19,"2011-07-01","6995697.34"
19,"2011-08-01","5709459.93"
19,"2011-09-01","7173430.32"
19,"2011-10-01","5552099.86"
19,"2011-11-01","6368850.92"
19,"2011-12-01","8935984.12"
19,"2012-01-01","4965497.09"
19,"2012-02-01","5621998.68"
19,"2012-03-01","6650036.51"
19,"2012-04-01","5537820.64"
19,"2012-05-01","5700358.04"
19,"2012-06-01","7129121.56"
19,"2012-07-01","5445450.14"
19,"2012-08-01","7213506.17"
19,"2012-09-01","5544598.54"
19,"2012-10-01","5404045.91"
20,"2010-02-01","8570247.08"
20,"2010-03-01","7976779.94"
20,"2010-04-01","10196891.70"
20,"2010-05-01","8130135.85"
20,"2010-06-01","8369148.64"
20,"2010-07-01","10139247.27"
20,"2010-08-01","7902943.96"
20,"2010-09-01","7874563.63"
20,"2010-10-01","9730556.14"
20,"2010-11-01","9288774.87"
20,"2010-12-01","13553791.64"
20,"2011-01-01","7270688.30"
20,"2011-02-01","8759755.97"
20,"2011-03-01","7890737.23"
20,"2011-04-01","10208105.81"
20,"2011-05-01","8025436.20"
20,"2011-06-01","8333326.32"
20,"2011-07-01","10026174.71"
20,"2011-08-01","8165195.16"
20,"2011-09-01","10005245.96"
20,"2011-10-01","8315753.89"
20,"2011-11-01","9630249.52"
20,"2011-12-01","13206333.29"
20,"2012-01-01","7530005.03"
20,"2012-02-01","9021364.19"
20,"2012-03-01","10420238.57"
20,"2012-04-01","8381587.75"
20,"2012-05-01","8485819.26"
20,"2012-06-01","10656790.31"
20,"2012-07-01","8374464.81"
20,"2012-08-01","10351645.31"
20,"2012-09-01","8165416.86"
20,"2012-10-01","8440377.29"
21,"2010-02-01","3224795.81"
21,"2010-03-01","2873324.74"
21,"2010-04-01","3620185.31"
21,"2010-05-01","2977105.28"
21,"2010-06-01","3145271.07"
21,"2010-07-01","3662946.43"
21,"2010-08-01","3237624.22"
21,"2010-09-01","2757857.53"
21,"2010-10-01","3493575.03"
21,"2010-11-01","3457602.64"
21,"2010-12-01","5180820.21"
21,"2011-01-01","2593761.21"
21,"2011-02-01","3021142.52"
21,"2011-03-01","3107037.94"
21,"2011-04-01","3829782.07"
21,"2011-05-01","2962361.40"
21,"2011-06-01","3162795.88"
21,"2011-07-01","3782707.46"
21,"2011-08-01","3237222.29"
21,"2011-09-01","3346957.06"
21,"2011-10-01","2802679.96"
21,"2011-11-01","3481005.73"
21,"2011-12-01","4907430.42"
21,"2012-01-01","2533800.02"
21,"2012-02-01","3033140.81"
21,"2012-03-01","3741366.85"
21,"2012-04-01","2940964.11"
21,"2012-05-01","2771036.26"
21,"2012-06-01","3582595.98"
21,"2012-07-01","2730135.42"
21,"2012-08-01","3711892.87"
21,"2012-09-01","2585571.03"
21,"2012-10-01","2621383.36"
22,"2010-02-01","3943817.71"
22,"2010-03-01","3954608.82"
22,"2010-04-01","5158758.26"
22,"2010-05-01","4110276.90"
22,"2010-06-01","4304651.18"
22,"2010-07-01","5146203.80"
22,"2010-08-01","4101889.97"
22,"2010-09-01","3819775.50"
22,"2010-10-01","4862205.04"
22,"2010-11-01","4600985.50"
22,"2010-12-01","6862107.73"
22,"2011-01-01","3335860.39"
22,"2011-02-01","3842477.60"
22,"2011-03-01","3801895.89"
22,"2011-04-01","5008107.80"
22,"2011-05-01","4025510.97"
22,"2011-06-01","4241077.22"
22,"2011-07-01","4966138.39"
22,"2011-08-01","4129832.38"
22,"2011-09-01","4707766.86"
22,"2011-10-01","4018692.89"
22,"2011-11-01","4701752.81"
22,"2011-12-01","6775598.73"
22,"2012-01-01","3434282.44"
22,"2012-02-01","3910644.18"
22,"2012-03-01","4891318.00"
22,"2012-04-01","4059490.71"
22,"2012-05-01","4036861.34"
22,"2012-06-01","5391542.01"
22,"2012-07-01","3986848.10"
22,"2012-08-01","5045521.49"
22,"2012-09-01","3812770.12"
22,"2012-10-01","4086377.84"
23,"2010-02-01","5263911.35"
23,"2010-03-01","5258969.01"
23,"2010-04-01","6684323.64"
23,"2010-05-01","5567190.21"
23,"2010-06-01","5876781.38"
23,"2010-07-01","7033181.07"
23,"2010-08-01","5787883.45"
23,"2010-09-01","4936150.31"
23,"2010-10-01","5689945.98"
23,"2010-11-01","5978753.08"
23,"2010-12-01","9632015.83"
23,"2011-01-01","4333154.25"
23,"2011-02-01","4986113.70"
23,"2011-03-01","4695536.28"
23,"2011-04-01","6315886.08"
23,"2011-05-01","5314398.73"
23,"2011-06-01","5913747.04"
23,"2011-07-01","6914427.60"
23,"2011-08-01","5887979.55"
23,"2011-09-01","6705595.42"
23,"2011-10-01","5569504.88"
23,"2011-11-01","6268068.60"
23,"2011-12-01","9369121.66"
23,"2012-01-01","4366582.41"
23,"2012-02-01","5258811.70"
23,"2012-03-01","6424060.47"
23,"2012-04-01","5402016.40"
23,"2012-05-01","5525181.13"
23,"2012-06-01","7561685.29"
23,"2012-07-01","5634563.38"
23,"2012-08-01","7643059.26"
23,"2012-09-01","5363866.51"
23,"2012-10-01","5588152.20"
24,"2010-02-01","5346917.96"
24,"2010-03-01","5202550.38"
24,"2010-04-01","6650161.81"
24,"2010-05-01","5513839.38"
24,"2010-06-01","5695369.05"
24,"2010-07-01","7368845.52"
24,"2010-08-01","5552429.92"
24,"2010-09-01","5283588.92"
24,"2010-10-01","6357826.15"
24,"2010-11-01","5654662.13"
24,"2010-12-01","8264457.02"
24,"2011-01-01","4580473.64"
24,"2011-02-01","5161694.11"
24,"2011-03-01","4927303.61"
24,"2011-04-01","6253296.34"
24,"2011-05-01","5197015.93"
24,"2011-06-01","5553889.43"
24,"2011-07-01","7038520.93"
24,"2011-08-01","5574846.79"
24,"2011-09-01","6429715.70"
24,"2011-10-01","5329935.60"
24,"2011-11-01","5869710.33"
24,"2011-12-01","8022574.46"
24,"2012-01-01","4616460.35"
24,"2012-02-01","5282761.07"
24,"2012-03-01","6230959.28"
24,"2012-04-01","5213507.21"
24,"2012-05-01","5368650.87"
24,"2012-06-01","7102060.83"
24,"2012-07-01","5752211.67"
24,"2012-08-01","6983684.94"
24,"2012-09-01","5240481.11"
24,"2012-10-01","5395618.84"
25,"2010-02-01","2565372.89"
25,"2010-03-01","2682853.49"
25,"2010-04-01","3651901.68"
25,"2010-05-01","2919098.68"
25,"2010-06-01","3019332.72"
25,"2010-07-01","3553412.11"
25,"2010-08-01","2821498.58"
25,"2010-09-01","2578321.24"
25,"2010-10-01","3285120.94"
25,"2010-11-01","3242861.95"
25,"2010-12-01","4816493.46"
25,"2011-01-01","2299697.72"
25,"2011-02-01","2460950.60"
25,"2011-03-01","2460458.45"
25,"2011-04-01","3347379.79"
25,"2011-05-01","2740574.97"
25,"2011-06-01","2894454.90"
25,"2011-07-01","3424492.51"
25,"2011-08-01","2762217.79"
25,"2011-09-01","3261794.11"
25,"2011-10-01","2733557.81"
25,"2011-11-01","3282365.67"
25,"2011-12-01","4766461.40"
25,"2012-01-01","2435482.61"
25,"2012-02-01","2569349.85"
25,"2012-03-01","3282252.39"
25,"2012-04-01","2766772.26"
25,"2012-05-01","2936866.09"
25,"2012-06-01","3619373.74"
25,"2012-07-01","2812265.61"
25,"2012-08-01","3620045.66"
25,"2012-09-01","2676770.57"
25,"2012-10-01","2771326.93"
26,"2010-02-01","3904536.86"
26,"2010-03-01","3766031.22"
26,"2010-04-01","4744126.11"
26,"2010-05-01","4103759.92"
26,"2010-06-01","4054594.01"
26,"2010-07-01","5205903.63"
26,"2010-08-01","4121975.94"
26,"2010-09-01","3871886.01"
26,"2010-10-01","4673840.47"
26,"2010-11-01","4130223.84"
26,"2010-12-01","5813819.77"
26,"2011-01-01","3377790.85"
26,"2011-02-01","3814794.56"
26,"2011-03-01","3646250.38"
26,"2011-04-01","4492878.44"
26,"2011-05-01","3900845.28"
26,"2011-06-01","4127634.47"
26,"2011-07-01","5248689.12"
26,"2011-08-01","4281581.30"
26,"2011-09-01","4944408.06"
26,"2011-10-01","4065073.33"
26,"2011-11-01","4295002.72"
26,"2011-12-01","5854303.21"
26,"2012-01-01","3466674.66"
26,"2012-02-01","3903877.12"
26,"2012-03-01","4700523.26"
26,"2012-04-01","3842068.54"
26,"2012-05-01","4054515.60"
26,"2012-06-01","5258751.43"
26,"2012-07-01","4324991.62"
26,"2012-08-01","5356883.87"
26,"2012-09-01","3993816.42"
26,"2012-10-01","4074341.77"
27,"2010-02-01","6955657.11"
27,"2010-03-01","6776185.65"
27,"2010-04-01","9523358.57"
27,"2010-05-01","7580988.87"
27,"2010-06-01","7796722.80"
27,"2010-07-01","9649148.99"
27,"2010-08-01","7580035.47"
27,"2010-09-01","7048586.88"
27,"2010-10-01","8362474.68"
27,"2010-11-01","7846716.76"
27,"2010-12-01","10893300.79"
27,"2011-01-01","6038609.55"
27,"2011-02-01","6662626.46"
27,"2011-03-01","6448580.73"
27,"2011-04-01","8609618.19"
27,"2011-05-01","7066579.01"
27,"2011-06-01","7497817.96"
27,"2011-07-01","9211953.50"
27,"2011-08-01","7322033.51"
27,"2011-09-01","8242797.21"
27,"2011-10-01","6754955.62"
27,"2011-11-01","7649977.52"
27,"2011-12-01","10417134.93"
27,"2012-01-01","5833352.44"
27,"2012-02-01","6470675.32"
27,"2012-03-01","7988984.05"
27,"2012-04-01","6754916.86"
27,"2012-05-01","6869760.31"
27,"2012-06-01","9119335.58"
27,"2012-07-01","7174911.82"
27,"2012-08-01","8674066.48"
27,"2012-09-01","6458733.11"
27,"2012-10-01","6575320.15"
28,"2010-02-01","6264794.53"
28,"2010-03-01","5460400.76"
28,"2010-04-01","6523307.50"
28,"2010-05-01","5173303.91"
28,"2010-06-01","5391317.32"
28,"2010-07-01","6321680.12"
28,"2010-08-01","5129272.99"
28,"2010-09-01","5041082.44"
28,"2010-10-01","6048023.07"
28,"2010-11-01","5884472.93"
28,"2010-12-01","7541109.36"
28,"2011-01-01","4708717.88"
28,"2011-02-01","5788824.43"
28,"2011-03-01","5592046.69"
28,"2011-04-01","6511497.88"
28,"2011-05-01","5080532.97"
28,"2011-06-01","5221064.91"
28,"2011-07-01","6256484.38"
28,"2011-08-01","5109135.08"
28,"2011-09-01","6168008.27"
28,"2011-10-01","5224217.63"
28,"2011-11-01","6164129.11"
28,"2011-12-01","7331349.35"
28,"2012-01-01","4889725.32"
28,"2012-02-01","5929557.18"
28,"2012-03-01","6895963.64"
28,"2012-04-01","5201531.10"
28,"2012-05-01","5079728.89"
28,"2012-06-01","6225633.14"
28,"2012-07-01","4965241.15"
28,"2012-08-01","6256260.26"
28,"2012-09-01","4859203.56"
28,"2012-10-01","5026062.83"
29,"2010-02-01","2099124.09"
29,"2010-03-01","2103967.34"
29,"2010-04-01","2685010.45"
29,"2010-05-01","2167087.71"
29,"2010-06-01","2273014.77"
29,"2010-07-01","2673589.85"
29,"2010-08-01","2092463.25"
29,"2010-09-01","1999654.05"
29,"2010-10-01","2520048.52"
29,"2010-11-01","2528897.13"
29,"2010-12-01","3803970.33"
29,"2011-01-01","1738418.56"
29,"2011-02-01","2080704.03"
29,"2011-03-01","2001888.60"
29,"2011-04-01","2581496.89"
29,"2011-05-01","2127591.70"
29,"2011-06-01","2238965.35"
29,"2011-07-01","2601935.63"
29,"2011-08-01","2081148.85"
29,"2011-09-01","2398834.61"
29,"2011-10-01","2010957.31"
29,"2011-11-01","2570102.82"
29,"2011-12-01","3518300.85"
29,"2012-01-01","1757380.77"
29,"2012-02-01","2087388.94"
29,"2012-03-01","2516820.55"
29,"2012-04-01","2176771.19"
29,"2012-05-01","2128043.42"
29,"2012-06-01","2820492.89"
29,"2012-07-01","2075405.77"
29,"2012-08-01","2601135.88"
29,"2012-09-01","1994692.49"
29,"2012-10-01","2086249.72"
30,"2010-02-01","1898327.06"
30,"2010-03-01","1828974.71"
30,"2010-04-01","2302333.91"
30,"2010-05-01","1837978.03"
30,"2010-06-01","1804811.62"
30,"2010-07-01","2203084.67"
30,"2010-08-01","1776517.71"
30,"2010-09-01","1827162.26"
30,"2010-10-01","2259465.79"
30,"2010-11-01","1802368.56"
30,"2010-12-01","2198062.31"
30,"2011-01-01","1781607.59"
30,"2011-02-01","1811650.67"
30,"2011-03-01","1739089.37"
30,"2011-04-01","2177529.14"
30,"2011-05-01","1727812.13"
30,"2011-06-01","1715702.30"
30,"2011-07-01","2106750.10"
30,"2011-08-01","1646418.75"
30,"2011-09-01","1902373.49"
30,"2011-10-01","1683350.66"
30,"2011-11-01","1730672.23"
30,"2011-12-01","2159191.98"
30,"2012-01-01","1775853.05"
30,"2012-02-01","1745771.55"
30,"2012-03-01","2178702.83"
30,"2012-04-01","1786950.86"
30,"2012-05-01","1800849.04"
30,"2012-06-01","2154514.39"
30,"2012-07-01","1710265.97"
30,"2012-08-01","2143795.13"
30,"2012-09-01","1740640.76"
30,"2012-10-01","1758306.50"
31,"2010-02-01","5830940.44"
31,"2010-03-01","5312960.57"
31,"2010-04-01","6644425.09"
31,"2010-05-01","5315928.16"
31,"2010-06-01","5476330.64"
31,"2010-07-01","6470282.02"
31,"2010-08-01","5383313.61"
31,"2010-09-01","5134581.76"
31,"2010-10-01","6300176.32"
31,"2010-11-01","5895251.11"
31,"2010-12-01","7796083.04"
31,"2011-01-01","5261839.99"
31,"2011-02-01","5887178.91"
31,"2011-03-01","5600889.23"
31,"2011-04-01","6962676.85"
31,"2011-05-01","5526512.66"
31,"2011-06-01","5722649.07"
31,"2011-07-01","6920574.60"
31,"2011-08-01","5777114.42"
31,"2011-09-01","6759042.64"
31,"2011-10-01","5561896.54"
31,"2011-11-01","6250463.54"
31,"2011-12-01","7938387.07"
31,"2012-01-01","5411164.02"
31,"2012-02-01","5882525.38"
31,"2012-03-01","7033323.40"
31,"2012-04-01","5622401.56"
31,"2012-05-01","5622763.42"
31,"2012-06-01","7022073.52"
31,"2012-07-01","5528488.32"
31,"2012-08-01","6940263.62"
31,"2012-09-01","5337962.51"
31,"2012-10-01","5483441.47"
32,"2010-02-01","4346988.47"
32,"2010-03-01","4295689.47"
32,"2010-04-01","5449652.86"
32,"2010-05-01","4562454.30"
32,"2010-06-01","4616264.51"
32,"2010-07-01","5560339.22"
32,"2010-08-01","4632916.66"
32,"2010-09-01","4235962.36"
32,"2010-10-01","5460589.39"
32,"2010-11-01","4989441.07"
32,"2010-12-01","7040638.37"
32,"2011-01-01","4159786.44"
32,"2011-02-01","4433098.25"
32,"2011-03-01","4377790.55"
32,"2011-04-01","5592702.21"
32,"2011-05-01","4640488.56"
32,"2011-06-01","4763399.24"
32,"2011-07-01","5810007.17"
32,"2011-08-01","4813548.96"
32,"2011-09-01","5627938.32"
32,"2011-10-01","4661518.98"
32,"2011-11-01","5253481.49"
32,"2011-12-01","7213433.31"
32,"2012-01-01","4303412.25"
32,"2012-02-01","4621884.48"
32,"2012-03-01","5671291.37"
32,"2012-04-01","4690779.83"
32,"2012-05-01","4784759.53"
32,"2012-06-01","6013731.69"
32,"2012-07-01","4668099.48"
32,"2012-08-01","6129135.30"
32,"2012-09-01","4599294.17"
32,"2012-10-01","4798727.90"
33,"2010-02-01","1150379.86"
33,"2010-03-01","1148775.38"
33,"2010-04-01","1446761.46"
33,"2010-05-01","1231554.17"
33,"2010-06-01","1127719.78"
33,"2010-07-01","1345638.87"
33,"2010-08-01","982708.14"
33,"2010-09-01","988494.72"
33,"2010-10-01","1190225.74"
33,"2010-11-01","983612.88"
33,"2010-12-01","1170963.26"
33,"2011-01-01","979488.91"
33,"2011-02-01","1005667.58"
33,"2011-03-01","1001675.79"
33,"2011-04-01","1277608.54"
33,"2011-05-01","1015136.17"
33,"2011-06-01","978510.61"
33,"2011-07-01","1218145.55"
33,"2011-08-01","997045.43"
33,"2011-09-01","1247973.31"
33,"2011-10-01","999509.50"
33,"2011-11-01","1015409.13"
33,"2011-12-01","1221666.15"
33,"2012-01-01","1028324.99"
33,"2012-02-01","1047471.58"
33,"2012-03-01","1311764.19"
33,"2012-04-01","1100246.59"
33,"2012-05-01","1105091.04"
33,"2012-06-01","1343662.76"
33,"2012-07-01","1063064.22"
33,"2012-08-01","1311186.74"
33,"2012-09-01","1059369.40"
33,"2012-10-01","1065369.52"
34,"2010-02-01","3840559.15"
34,"2010-03-01","3612356.84"
34,"2010-04-01","4623620.27"
34,"2010-05-01","3743904.62"
34,"2010-06-01","3758281.18"
34,"2010-07-01","4538737.74"
34,"2010-08-01","3779218.33"
34,"2010-09-01","3649582.24"
34,"2010-10-01","4548711.02"
34,"2010-11-01","4217266.10"
34,"2010-12-01","5838179.30"
34,"2011-01-01","3527000.41"
34,"2011-02-01","4003548.22"
34,"2011-03-01","3844979.66"
34,"2011-04-01","4749033.97"
34,"2011-05-01","3818416.93"
34,"2011-06-01","3783195.14"
34,"2011-07-01","4506622.27"
34,"2011-08-01","3730310.77"
34,"2011-09-01","4558911.97"
34,"2011-10-01","3777615.34"
34,"2011-11-01","4277340.21"
34,"2011-12-01","5783207.17"
34,"2012-01-01","3650949.39"
34,"2012-02-01","4060625.98"
34,"2012-03-01","4849960.66"
34,"2012-04-01","3996302.67"
34,"2012-05-01","3955140.38"
34,"2012-06-01","4902174.97"
34,"2012-07-01","3831358.81"
34,"2012-08-01","4851332.78"
34,"2012-09-01","3803304.35"
34,"2012-10-01","3838014.16"
35,"2010-02-01","4690739.19"
35,"2010-03-01","4509391.19"
35,"2010-04-01","5679817.12"
35,"2010-05-01","4588337.11"
35,"2010-06-01","4871062.92"
35,"2010-07-01","5899896.92"
35,"2010-08-01","4222183.45"
35,"2010-09-01","3499860.16"
35,"2010-10-01","4129560.67"
35,"2010-11-01","4343387.14"
35,"2010-12-01","5761735.06"
35,"2011-01-01","2630152.38"
35,"2011-02-01","3313270.36"
35,"2011-03-01","3243896.85"
35,"2011-04-01","4024732.95"
35,"2011-05-01","3288884.29"
35,"2011-06-01","3488589.48"
35,"2011-07-01","4107025.92"
35,"2011-08-01","3364058.20"
35,"2011-09-01","3930198.70"
35,"2011-10-01","3184646.68"
35,"2011-11-01","4088831.58"
35,"2011-12-01","5422691.24"
35,"2012-01-01","2555416.23"
35,"2012-02-01","3226277.30"
35,"2012-03-01","3861165.06"
35,"2012-04-01","3164799.57"
35,"2012-05-01","3215784.08"
35,"2012-06-01","4457729.35"
35,"2012-07-01","3460498.01"
35,"2012-08-01","4469118.32"
35,"2012-09-01","3392804.79"
35,"2012-10-01","3434129.81"
36,"2010-02-01","1854910.91"
36,"2010-03-01","1754928.13"
36,"2010-04-01","2264705.73"
36,"2010-05-01","1888074.16"
36,"2010-06-01","1859374.65"
36,"2010-07-01","2257400.89"
36,"2010-08-01","1787880.37"
36,"2010-09-01","1739808.63"
36,"2010-10-01","2137439.79"
36,"2010-11-01","1652172.37"
36,"2010-12-01","1956430.06"
36,"2011-01-01","1566522.75"
36,"2011-02-01","1626477.37"
36,"2011-03-01","1632230.86"
36,"2011-04-01","1944669.76"
36,"2011-05-01","1513556.69"
36,"2011-06-01","1502541.18"
36,"2011-07-01","1833039.36"
36,"2011-08-01","1479438.22"
36,"2011-09-01","1683660.55"
36,"2011-10-01","1323042.01"
36,"2011-11-01","1307599.52"
36,"2011-12-01","1559840.48"
36,"2012-01-01","1287816.31"
36,"2012-02-01","1286311.95"
36,"2012-03-01","1591434.88"
36,"2012-04-01","1302739.19"
36,"2012-05-01","1273885.16"
36,"2012-06-01","1575367.23"
36,"2012-07-01","1187849.28"
36,"2012-08-01","1483737.73"
36,"2012-09-01","1160104.63"
36,"2012-10-01","1137224.17"
37,"2010-02-01","2089857.75"
37,"2010-03-01","2008069.74"
37,"2010-04-01","2622932.69"
37,"2010-05-01","2091166.77"
37,"2010-06-01","1952291.14"
37,"2010-07-01","2465809.65"
37,"2010-08-01","1999480.42"
37,"2010-09-01","2016240.48"
37,"2010-10-01","2578198.74"
37,"2010-11-01","2093574.99"
37,"2010-12-01","2590847.49"
37,"2011-01-01","2108240.10"
37,"2011-02-01","2157948.38"
37,"2011-03-01","2033791.64"
37,"2011-04-01","2651410.36"
37,"2011-05-01","2100036.10"
37,"2011-06-01","2044437.06"
37,"2011-07-01","2515349.33"
37,"2011-08-01","2048137.04"
37,"2011-09-01","2582942.55"
37,"2011-10-01","2076592.63"
37,"2011-11-01","2107243.51"
37,"2011-12-01","2655367.07"
37,"2012-01-01","2162575.62"
37,"2012-02-01","2142233.88"
37,"2012-03-01","2600706.93"
37,"2012-04-01","2124112.59"
37,"2012-05-01","2138768.43"
37,"2012-06-01","2561668.35"
37,"2012-07-01","2043737.52"
37,"2012-08-01","2593566.72"
37,"2012-09-01","2090764.00"
37,"2012-10-01","2154640.65"
38,"2010-02-01","1362171.69"
38,"2010-03-01","1383147.39"
38,"2010-04-01","1721384.97"
38,"2010-05-01","1396798.25"
38,"2010-06-01","1388752.14"
38,"2010-07-01","1708024.76"
38,"2010-08-01","1371983.45"
38,"2010-09-01","1380182.33"
38,"2010-10-01","1729533.01"
38,"2010-11-01","1430469.26"
38,"2010-12-01","1715347.27"
38,"2011-01-01","1441138.57"
38,"2011-02-01","1498853.26"
38,"2011-03-01","1464328.18"
38,"2011-04-01","1844187.70"
38,"2011-05-01","1511781.30"
38,"2011-06-01","1489465.03"
38,"2011-07-01","1874908.92"
38,"2011-08-01","1553372.74"
38,"2011-09-01","1984399.19"
38,"2011-10-01","1631195.41"
38,"2011-11-01","1633805.89"
38,"2011-12-01","2013322.26"
38,"2012-01-01","1719842.24"
38,"2012-02-01","1752424.64"
38,"2012-03-01","2173508.86"
38,"2012-04-01","1756638.97"
38,"2012-05-01","1756795.12"
38,"2012-06-01","2124484.73"
38,"2012-07-01","1735993.18"
38,"2012-08-01","2140200.93"
38,"2012-09-01","1729288.27"
38,"2012-10-01","1741896.51"
39,"2010-02-01","4895999.86"
39,"2010-03-01","5047330.83"
39,"2010-04-01","6577921.31"
39,"2010-05-01","5298917.48"
39,"2010-06-01","5532340.53"
39,"2010-07-01","6645706.92"
39,"2010-08-01","5670787.78"
39,"2010-09-01","5077199.05"
39,"2010-10-01","6300802.59"
39,"2010-11-01","6105120.64"
39,"2010-12-01","8630149.33"
39,"2011-01-01","4819743.69"
39,"2011-02-01","5147822.76"
39,"2011-03-01","5232847.08"
39,"2011-04-01","6958319.79"
39,"2011-05-01","5475974.99"
39,"2011-06-01","5798398.29"
39,"2011-07-01","7067075.13"
39,"2011-08-01","6235812.39"
39,"2011-09-01","6917370.12"
39,"2011-10-01","5766552.62"
39,"2011-11-01","6859816.64"
39,"2011-12-01","9497869.80"
39,"2012-01-01","5562805.94"
39,"2012-02-01","5762245.32"
39,"2012-03-01","7415552.83"
39,"2012-04-01","6235968.91"
39,"2012-05-01","6102034.95"
39,"2012-06-01","7876124.60"
39,"2012-07-01","6200449.56"
39,"2012-08-01","8405961.26"
39,"2012-09-01","6108705.41"
39,"2012-10-01","6215814.07"
40,"2010-02-01","3737488.70"
40,"2010-03-01","3657724.56"
40,"2010-04-01","4505475.08"
40,"2010-05-01","3811156.51"
40,"2010-06-01","3973514.03"
40,"2010-07-01","4980793.62"
40,"2010-08-01","3836032.65"
40,"2010-09-01","3643184.42"
40,"2010-10-01","4538660.63"
40,"2010-11-01","3922347.76"
40,"2010-12-01","5750981.56"
40,"2011-01-01","3205520.99"
40,"2011-02-01","3693764.89"
40,"2011-03-01","3542971.85"
40,"2011-04-01","4476391.62"
40,"2011-05-01","3800101.21"
40,"2011-06-01","4008550.09"
40,"2011-07-01","5019223.50"
40,"2011-08-01","3932173.57"
40,"2011-09-01","4658793.12"
40,"2011-10-01","3891137.26"
40,"2011-11-01","4184420.19"
40,"2011-12-01","5927494.64"
40,"2012-01-01","3316707.09"
40,"2012-02-01","3874140.50"
40,"2012-03-01","4489556.57"
40,"2012-04-01","3762228.24"
40,"2012-05-01","3848390.84"
40,"2012-06-01","5117118.45"
40,"2012-07-01","4085649.50"
40,"2012-08-01","4978223.81"
40,"2012-09-01","3809322.06"
40,"2012-10-01","3891070.28"
41,"2010-02-01","4206165.99"
41,"2010-03-01","4109349.35"
41,"2010-04-01","5425674.24"
41,"2010-05-01","4702065.81"
41,"2010-06-01","4899440.07"
41,"2010-07-01","6032498.26"
41,"2010-08-01","5151079.27"
41,"2010-09-01","4618140.46"
41,"2010-10-01","5706030.18"
41,"2010-11-01","5378041.57"
41,"2010-12-01","7509735.45"
41,"2011-01-01","4320671.42"
41,"2011-02-01","4632538.43"
41,"2011-03-01","4644429.72"
41,"2011-04-01","6061682.47"
41,"2011-05-01","5037829.31"
41,"2011-06-01","5142808.88"
41,"2011-07-01","6459144.09"
41,"2011-08-01","5500624.25"
41,"2011-09-01","6095507.14"
41,"2011-10-01","5014420.30"
41,"2011-11-01","5755015.46"
41,"2011-12-01","8051202.84"
41,"2012-01-01","4538652.94"
41,"2012-02-01","5003037.28"
41,"2012-03-01","6139917.22"
41,"2012-04-01","5253005.02"
41,"2012-05-01","5469070.74"
41,"2012-06-01","6937866.97"
41,"2012-07-01","5480794.86"
41,"2012-08-01","7329723.71"
41,"2012-09-01","5283325.44"
41,"2012-10-01","5452445.75"
42,"2010-02-01","2119399.42"
42,"2010-03-01","2141271.82"
42,"2010-04-01","2607968.47"
42,"2010-05-01","2135691.96"
42,"2010-06-01","2177010.92"
42,"2010-07-01","2596789.98"
42,"2010-08-01","2129563.32"
42,"2010-09-01","2142883.64"
42,"2010-10-01","2640003.89"
42,"2010-11-01","2200595.93"
42,"2010-12-01","2606910.56"
42,"2011-01-01","2239343.31"
42,"2011-02-01","2298339.22"
42,"2011-03-01","2259086.54"
42,"2011-04-01","2756771.40"
42,"2011-05-01","2243217.34"
42,"2011-06-01","2210267.60"
42,"2011-07-01","2681855.01"
42,"2011-08-01","2206112.80"
42,"2011-09-01","2761083.03"
42,"2011-10-01","2315518.45"
42,"2011-11-01","2386164.74"
42,"2011-12-01","2759543.23"
42,"2012-01-01","2419199.17"
42,"2012-02-01","2434343.31"
42,"2012-03-01","2970113.27"
42,"2012-04-01","2370590.28"
42,"2012-05-01","2379279.54"
42,"2012-06-01","2818369.45"
42,"2012-07-01","2293471.77"
42,"2012-08-01","2766000.40"
42,"2012-09-01","2237287.17"
42,"2012-10-01","2261705.49"
43,"2010-02-01","2607648.61"
43,"2010-03-01","2595183.41"
43,"2010-04-01","3288140.80"
43,"2010-05-01","2684728.03"
43,"2010-06-01","2691242.39"
43,"2010-07-01","3354094.26"
43,"2010-08-01","2780169.75"
43,"2010-09-01","2786753.94"
43,"2010-10-01","3361313.34"
43,"2010-11-01","2424369.12"
43,"2010-12-01","2963362.34"
43,"2011-01-01","2390299.74"
43,"2011-02-01","2506140.53"
43,"2011-03-01","2466532.15"
43,"2011-04-01","3147507.20"
43,"2011-05-01","2560344.46"
43,"2011-06-01","2544720.68"
43,"2011-07-01","3001028.90"
43,"2011-08-01","2426552.55"
43,"2011-09-01","3003522.11"
43,"2011-10-01","2400955.71"
43,"2011-11-01","2555961.70"
43,"2011-12-01","3049629.72"
43,"2012-01-01","2541433.68"
43,"2012-02-01","2565050.38"
43,"2012-03-01","3225834.01"
43,"2012-04-01","2555439.76"
43,"2012-05-01","2524071.44"
43,"2012-06-01","3089325.15"
43,"2012-07-01","2442254.20"
43,"2012-08-01","3089524.50"
43,"2012-09-01","2468793.46"
43,"2012-10-01","2473507.39"
44,"2010-02-01","1108983.45"
44,"2010-03-01","1102711.79"
44,"2010-04-01","1374892.23"
44,"2010-05-01","1130852.14"
44,"2010-06-01","1160898.62"
44,"2010-07-01","1445902.04"
44,"2010-08-01","1165728.16"
44,"2010-09-01","1140013.16"
44,"2010-10-01","1404993.11"
44,"2010-11-01","1144395.65"
44,"2010-12-01","1428149.10"
44,"2011-01-01","1133348.94"
44,"2011-02-01","1161653.50"
44,"2011-03-01","1145212.17"
44,"2011-04-01","1425285.69"
44,"2011-05-01","1218451.70"
44,"2011-06-01","1214741.92"
44,"2011-07-01","1482599.11"
44,"2011-08-01","1203564.59"
44,"2011-09-01","1516495.93"
44,"2011-10-01","1217915.02"
44,"2011-11-01","1239019.95"
44,"2011-12-01","1539906.15"
44,"2012-01-01","1262933.58"
44,"2012-02-01","1287697.03"
44,"2012-03-01","1559065.76"
44,"2012-04-01","1284983.48"
44,"2012-05-01","1344745.08"
44,"2012-06-01","1676677.22"
44,"2012-07-01","1352615.49"
44,"2012-08-01","1680846.13"
44,"2012-09-01","1377789.54"
44,"2012-10-01","1360020.41"
45,"2010-02-01","3130833.84"
45,"2010-03-01","3100021.51"
45,"2010-04-01","3980285.29"
45,"2010-05-01","3119359.64"
45,"2010-06-01","3239677.04"
45,"2010-07-01","3742379.21"
45,"2010-08-01","2899092.15"
45,"2010-09-01","2906821.08"
45,"2010-10-01","3614812.29"
45,"2010-11-01","3436151.00"
45,"2010-12-01","5366910.32"
45,"2011-01-01","2595766.21"
45,"2011-02-01","3061868.52"
45,"2011-03-01","2929197.11"
45,"2011-04-01","3828070.54"
45,"2011-05-01","3148856.66"
45,"2011-06-01","3265834.07"
45,"2011-07-01","3754954.78"
45,"2011-08-01","3036519.54"
45,"2011-09-01","3597072.27"
45,"2011-10-01","3027775.01"
45,"2011-11-01","3586330.75"
45,"2011-12-01","5303122.42"
45,"2012-01-01","2715170.43"
45,"2012-02-01","3172902.60"
45,"2012-03-01","3917194.54"
45,"2012-04-01","3169683.65"
45,"2012-05-01","3171371.50"
45,"2012-06-01","4049712.68"
45,"2012-07-01","3042463.41"
45,"2012-08-01","3633793.89"
45,"2012-09-01","2905011.08"
45,"2012-10-01","2946326.39"
